isbn13,title,author,publisher,published_year,class_no,category,genre,cover_url,loan_count,description
9788900000007,소년이 온다,한강 지음,창비,2014,813.7,국내도서-소설/시/희곡,소설/시/희곡,https://image.aladin.co.kr/product/1000/1/cover/8900000007_1.jpg,77777,섬세한 감수성과 치밀한 문장으로 인간 존재의 본질을 탐구해온 작가의 장편소설. 1980년 5월 광주를 살아낸 사람들의 이야기를 담았다.
9788900000014,채식주의자,한강 지음,창비,2007,813.7,국내도서-소설/시/희곡,소설/시/희곡,https://image.aladin.co.kr/product/1001/1/cover/8900000014_1.jpg,4967,
9788900000021,불편한 편의점,김호연 지음,나무옆의자,2021,813.7,국내도서-소설/시/희곡,소설/시/희곡,https://image.aladin.co.kr/product/1002/1/cover/8900000021_1.jpg,4938,
9788900000028,아몬드,손원평 지음,창비,2017,813.7,국내도서-소설/시/희곡,소설/시/희곡,https://image.aladin.co.kr/product/1003/1/cover/8900000028_1.jpg,4909,
9788900000035,달러구트 꿈 백화점,이미예 지음,팩토리나인,2020,813.7,국내도서-소설/시/희곡,소설/시/희곡,https://image.aladin.co.kr/product/1004/1/cover/8900000035_1.jpg,4853,
9788900000042,작별하지 않는다,한강 지음,문학동네,2021,813.7,국내도서-소설/시/희곡,소설/시/희곡,https://image.aladin.co.kr/product/1005/1/cover/8900000042_1.jpg,4817,
9788900000049,데미안,헤르만 헤세 지음; 전영애 옮김,민음사,2000,843,국내도서-소설/시/희곡,소설/시/희곡,https://image.aladin.co.kr/product/1006/1/cover/8900000049_1.jpg,4795,
9788900000056,1984,조지 오웰 지음; 정회성 옮김,민음사,2003,843,국내도서-소설/시/희곡,소설/시/희곡,https://image.aladin.co.kr/product/1007/1/cover/8900000056_1.jpg,4744,
9788900000063,나미야 잡화점의 기적,히가시노 게이고 지음; 양윤옥 옮김,현대문학,2012,833.6,국내도서-소설/시/희곡,소설/시/희곡,https://image.aladin.co.kr/product/1008/1/cover/8900000063_1.jpg,4715,
9788900000070,용의자 X의 헌신,히가시노 게이고 지음,재인,2006,833.6,국내도서-소설/시/희곡,소설/시/희곡,https://image.aladin.co.kr/product/1009/1/cover/8900000070_1.jpg,4685,
9788900000077,노르웨이의 숲,무라카미 하루키 지음,민음사,2013,843,국내도서-소설/시/희곡,소설/시/희곡,https://image.aladin.co.kr/product/1010/1/cover/8900000077_1.jpg,4631,
9788900000084,어린 왕자,생텍쥐페리 지음,열린책들,2015,841,국내도서-소설/시/희곡,소설/시/희곡,https://image.aladin.co.kr/product/1011/1/cover/8900000084_1.jpg,4609,
9788900000091,언어의 온도,이기주 지음,말글터,2016,814.7,국내도서-에세이,에세이,https://image.aladin.co.kr/product/1012/1/cover/8900000091_1.jpg,4562,
9788900000098,죽고 싶지만 떡볶이는 먹고 싶어,백세희 지음,흔,2018,814.7,국내도서-에세이,에세이,https://image.aladin.co.kr/product/1013/1/cover/8900000098_1.jpg,4520,
9788900000105,지구 끝의 온실,김초엽 지음,자이언트북스,2021,814.7,국내도서-에세이,에세이,https://image.aladin.co.kr/product/1014/1/cover/8900000105_1.jpg,4484,
9788900000112,무진기행,김승옥 지음,민음사,2007,814.6,국내도서-에세이,에세이,https://image.aladin.co.kr/product/1015/1/cover/8900000112_1.jpg,4458,
9788900000119,서랍에 저녁을 넣어 두었다,한강 지음,문학과지성사,2013,811.7,국내도서-소설/시/희곡,소설/시/희곡,https://image.aladin.co.kr/product/1016/1/cover/8900000119_1.jpg,4421,
9788900000126,입 속의 검은 잎,기형도 지음,문학과지성사,1989,811.7,국내도서-소설/시/희곡,소설/시/희곡,https://image.aladin.co.kr/product/1017/1/cover/8900000126_1.jpg,4373,
9788900000133,미움받을 용기,"기시미 이치로, 고가 후미타케 지음",인플루엔셜,2014,199.1,국내도서-자기계발,자기계발,https://image.aladin.co.kr/product/1018/1/cover/8900000133_1.jpg,4341,
9788900000140,아주 작은 습관의 힘,제임스 클리어 지음,비즈니스북스,2019,199.1,국내도서-자기계발,자기계발,https://image.aladin.co.kr/product/1019/1/cover/8900000140_1.jpg,4299,
9788900000147,데일 카네기 인간관계론,데일 카네기 지음,현대지성,2019,199.1,국내도서-자기계발,자기계발,https://image.aladin.co.kr/product/1020/1/cover/8900000147_1.jpg,4277,
9788900000154,원씽,"게리 켈러, 제이 파파산 지음",비즈니스북스,2013,325.211,국내도서-경제 경영,경제 경영,https://image.aladin.co.kr/product/1021/1/cover/8900000154_1.jpg,4236,
9788900000161,부의 추월차선,엠제이 드마코 지음,토트,2013,325.1,국내도서-경제 경영,경제 경영,https://image.aladin.co.kr/product/1022/1/cover/8900000161_1.jpg,4187,
9788900000168,돈의 속성,김승호 지음,스노우폭스북스,2020,327.04,국내도서-경제 경영,경제 경영,https://image.aladin.co.kr/product/1023/1/cover/8900000168_1.jpg,4167,
9788900000175,경제학 콘서트,팀 하포드 지음,웅진지식하우스,2006,320.1,국내도서-경제 경영,경제 경영,https://image.aladin.co.kr/product/1024/1/cover/8900000175_1.jpg,4115,
9788900000182,죽은 경제학자의 살아있는 아이디어,토드 부크홀츠 지음,김영사,2009,321.1,국내도서-경제 경영,경제 경영,https://image.aladin.co.kr/product/1025/1/cover/8900000182_1.jpg,4082,
9788900000189,철학은 어떻게 삶의 무기가 되는가,야마구치 슈 지음,다산초당,2019,100,국내도서-인문,인문,https://image.aladin.co.kr/product/1026/1/cover/8900000189_1.jpg,4058,
9788900000196,소크라테스 익스프레스,에릭 와이너 지음,어크로스,2021,160,국내도서-인문,인문,https://image.aladin.co.kr/product/1027/1/cover/8900000196_1.jpg,4021,
9788900000203,정의란 무엇인가,마이클 샌델 지음,와이즈베리,2014,189,국내도서-인문,인문,https://image.aladin.co.kr/product/1028/1/cover/8900000203_1.jpg,3982,
9788900000210,사피엔스,유발 하라리 지음,김영사,2015,181.7,국내도서-인문,인문,https://image.aladin.co.kr/product/1029/1/cover/8900000210_1.jpg,3928,
9788900000217,팩트풀니스,한스 로슬링 지음,김영사,2019,001.3,국내도서-총류,총류,https://image.aladin.co.kr/product/1030/1/cover/8900000217_1.jpg,3908,
9788900000224,클린 코드,로버트 C. 마틴 지음,인사이트,2013,005.133,국내도서-IT 모바일,IT 모바일,https://image.aladin.co.kr/product/1031/1/cover/8900000224_1.jpg,3871,
9788900000231,리팩터링,마틴 파울러 지음,한빛미디어,2020,005.11,국내도서-IT 모바일,IT 모바일,https://image.aladin.co.kr/product/1032/1/cover/8900000231_1.jpg,3828,
9788900000238,이펙티브 자바,조슈아 블로크 지음,인사이트,2018,005.1,국내도서-IT 모바일,IT 모바일,https://image.aladin.co.kr/product/1033/1/cover/8900000238_1.jpg,3780,
9788900000245,혼자 공부하는 파이썬,윤인성 지음,한빛미디어,2019,005.8,국내도서-IT 모바일,IT 모바일,https://image.aladin.co.kr/product/1034/1/cover/8900000245_1.jpg,3749,
9788900000252,성경의 인물,김양재 지음,두란노,2010,231,국내도서-종교,종교,https://image.aladin.co.kr/product/1035/1/cover/8900000252_1.jpg,3706,
9788900000259,법륜 스님의 행복,법륜 지음,나무의마음,2016,220,국내도서-종교,종교,https://image.aladin.co.kr/product/1036/1/cover/8900000259_1.jpg,3685,
9788900000266,예수님처럼,맥스 루케이도 지음,복있는사람,2015,248,국내도서-종교,종교,https://image.aladin.co.kr/product/1037/1/cover/8900000266_1.jpg,3635,
9788900000273,"총, 균, 쇠",재레드 다이아몬드 지음,문학사상,2005,300.1,국내도서-사회 정치,사회 정치,https://image.aladin.co.kr/product/1038/1/cover/8900000273_1.jpg,3603,
9788900000280,선량한 차별주의자,김지혜 지음,창비,2019,330,국내도서-사회 정치,사회 정치,https://image.aladin.co.kr/product/1039/1/cover/8900000280_1.jpg,3570,
9788900000287,82년생 김지영,조남주 지음,민음사,2016,334,국내도서-사회 정치,사회 정치,https://image.aladin.co.kr/product/1040/1/cover/8900000287_1.jpg,3524,
9788900000294,공정하다는 착각,마이클 샌델 지음,와이즈베리,2020,340,국내도서-사회 정치,사회 정치,https://image.aladin.co.kr/product/1041/1/cover/8900000294_1.jpg,3500,
9788900000301,최재천의 공부,최재천 지음,김영사,2022,370,국내도서-사회 정치,사회 정치,https://image.aladin.co.kr/product/1042/1/cover/8900000301_1.jpg,3449,
9788900000308,코스모스,칼 세이건 지음,사이언스북스,2006,404,국내도서-자연과학,자연과학,https://image.aladin.co.kr/product/1043/1/cover/8900000308_1.jpg,3427,
9788900000315,시간의 역사,스티븐 호킹 지음,까치,1998,420,국내도서-자연과학,자연과학,https://image.aladin.co.kr/product/1044/1/cover/8900000315_1.jpg,3381,
9788900000322,이기적 유전자,리처드 도킨스 지음,을유문화사,2018,472,국내도서-자연과학,자연과학,https://image.aladin.co.kr/product/1045/1/cover/8900000322_1.jpg,3352,
9788900000329,수학이 필요한 순간,김민형 지음,인플루엔셜,2018,413,국내도서-자연과학,자연과학,https://image.aladin.co.kr/product/1046/1/cover/8900000329_1.jpg,3303,
9788900000336,면역의 힘,제나 마치오키 지음,윌북,2021,511,국내도서-건강 취미,건강 취미,https://image.aladin.co.kr/product/1047/1/cover/8900000336_1.jpg,3264,
9788900000343,마흔에 읽는 니체,장재형 지음,유노북스,2022,517,국내도서-건강 취미,건강 취미,https://image.aladin.co.kr/product/1048/1/cover/8900000343_1.jpg,3242,
9788900000350,백년 허리,정선근 지음,사이언스북스,2015,512,국내도서-건강 취미,건강 취미,https://image.aladin.co.kr/product/1049/1/cover/8900000350_1.jpg,3205,
9788900000357,백종원의 집밥,백종원 지음,서울문화사,2016,594.5,국내도서-가정 살림,가정 살림,https://image.aladin.co.kr/product/1050/1/cover/8900000357_1.jpg,3170,
9788900000364,삐뽀삐뽀 119 소아과,하정훈 지음,유니책방,2016,598.1,국내도서-자연과학,자연과학,https://image.aladin.co.kr/product/1051/1/cover/8900000364_1.jpg,3119,
9788900000371,심플하게 산다,도미니크 로로 지음,바다출판사,2012,594,국내도서-가정 살림,가정 살림,https://image.aladin.co.kr/product/1052/1/cover/8900000371_1.jpg,3087,
9788900000378,방구석 미술관,조원재 지음,블랙피쉬,2018,600.4,국내도서-예술,예술,https://image.aladin.co.kr/product/1053/1/cover/8900000378_1.jpg,3042,
9788900000385,"다시, 그림이다",데이비드 호크니 지음,디자인하우스,2012,650.4,국내도서-예술,예술,https://image.aladin.co.kr/product/1054/1/cover/8900000385_1.jpg,3019,
9788900000392,이토록 아름다운 수학이라면,최영기 지음,21세기북스,2019,670,국내도서-예술,예술,https://image.aladin.co.kr/product/1055/1/cover/8900000392_1.jpg,2967,
9788900000399,슬램덩크,이노우에 다케히코 지음,대원씨아이,2018,657.7,국내도서-만화/라이트노벨,만화/라이트노벨,https://image.aladin.co.kr/product/1056/1/cover/8900000399_1.jpg,2946,
9788900000406,원피스,오다 에이치로 지음,대원씨아이,2020,657.7,국내도서-만화/라이트노벨,만화/라이트노벨,https://image.aladin.co.kr/product/1057/1/cover/8900000406_1.jpg,2892,
9788900000413,귀멸의 칼날,고토게 코요하루 지음,학산문화사,2019,657.7,국내도서-만화/라이트노벨,만화/라이트노벨,https://image.aladin.co.kr/product/1058/1/cover/8900000413_1.jpg,2873,
9788900000420,해커스 토익,David Cho 지음,해커스어학연구소,2020,740,국내도서-국어 외국어 사전,국어 외국어 사전,https://image.aladin.co.kr/product/1059/1/cover/8900000420_1.jpg,2823,
9788900000427,우리말 우리글,이오덕 지음,한길사,2009,710,국내도서-국어 외국어 사전,국어 외국어 사전,https://image.aladin.co.kr/product/1060/1/cover/8900000427_1.jpg,2795,
9788900000434,일본어 무작정 따라하기,후지이 아사리 지음,길벗이지톡,2018,747,국내도서-국어 외국어 사전,국어 외국어 사전,https://image.aladin.co.kr/product/1061/1/cover/8900000434_1.jpg,2760,
9788900000441,한국사 편지,박은봉 지음,책과함께어린이,2009,911,국내도서-역사,역사,https://image.aladin.co.kr/product/1062/1/cover/8900000441_1.jpg,2719,
9788900000448,조선왕조실록,박영규 지음,웅진지식하우스,2004,910,국내도서-역사,역사,https://image.aladin.co.kr/product/1063/1/cover/8900000448_1.jpg,2679,
9788900000455,사피엔스의 역사,제레드 다이아몬드 지음,김영사,2017,920.4,국내도서-역사,역사,https://image.aladin.co.kr/product/1064/1/cover/8900000455_1.jpg,2646,
9788900000462,호모 데우스,유발 하라리 지음,김영사,2017,909,국내도서-역사,역사,https://image.aladin.co.kr/product/1065/1/cover/8900000462_1.jpg,2613,
9788900000469,나의 문화유산답사기,유홍준 지음,창비,2011,981.02,국내도서-여행,여행,https://image.aladin.co.kr/product/1066/1/cover/8900000469_1.jpg,2572,
9788900000476,유럽 여행 100배 즐기기,서정미 지음,알에이치코리아,2019,982,국내도서-여행,여행,https://image.aladin.co.kr/product/1067/1/cover/8900000476_1.jpg,2532,
9788900000483,론리플래닛 일본,론리플래닛 지음,안그라픽스,2018,980.24,국내도서-여행,여행,https://image.aladin.co.kr/product/1068/1/cover/8900000483_1.jpg,2493,
9788900000490,브리태니커 필수 교양사전,브리태니커 편집부 지음,아이세움,2010,0,국내도서-총류,총류,https://image.aladin.co.kr/product/1069/1/cover/8900000490_1.jpg,2454,
9788900000497,소년이 온다 2,한강 지음,창비,2014,813.7,국내도서-소설/시/희곡,소설/시/희곡,https://image.aladin.co.kr/product/1070/1/cover/8900000497_1.jpg,2415,
9788900000504,채식주의자 2,한강 지음,창비,2007,813.7,국내도서-소설/시/희곡,소설/시/희곡,https://image.aladin.co.kr/product/1071/1/cover/8900000504_1.jpg,2380,
9788900000511,불편한 편의점 2,김호연 지음,나무옆의자,2021,813.7,국내도서-소설/시/희곡,소설/시/희곡,https://image.aladin.co.kr/product/1072/1/cover/8900000511_1.jpg,2338,
9788900000518,아몬드 2,손원평 지음,창비,2017,813.7,국내도서-소설/시/희곡,소설/시/희곡,https://image.aladin.co.kr/product/1073/1/cover/8900000518_1.jpg,2317,
9788900000525,달러구트 꿈 백화점 2,이미예 지음,팩토리나인,2020,813.7,국내도서-소설/시/희곡,소설/시/희곡,https://image.aladin.co.kr/product/1074/1/cover/8900000525_1.jpg,2271,
9788900000532,작별하지 않는다 2,한강 지음,문학동네,2021,813.7,국내도서-소설/시/희곡,소설/시/희곡,https://image.aladin.co.kr/product/1075/1/cover/8900000532_1.jpg,2241,
9788900000539,데미안 2,헤르만 헤세 지음; 전영애 옮김,민음사,2000,843,국내도서-소설/시/희곡,소설/시/희곡,https://image.aladin.co.kr/product/1076/1/cover/8900000539_1.jpg,2203,
9788900000546,1984 2,조지 오웰 지음; 정회성 옮김,민음사,2003,843,국내도서-소설/시/희곡,소설/시/희곡,https://image.aladin.co.kr/product/1077/1/cover/8900000546_1.jpg,2161,
9788900000553,나미야 잡화점의 기적 2,히가시노 게이고 지음; 양윤옥 옮김,현대문학,2012,833.6,국내도서-소설/시/희곡,소설/시/희곡,https://image.aladin.co.kr/product/1078/1/cover/8900000553_1.jpg,2128,
9788900000560,용의자 X의 헌신 2,히가시노 게이고 지음,재인,2006,833.6,국내도서-소설/시/희곡,소설/시/희곡,https://image.aladin.co.kr/product/1079/1/cover/8900000560_1.jpg,2086,
9788900000567,노르웨이의 숲 2,무라카미 하루키 지음,민음사,2013,843,국내도서-소설/시/희곡,소설/시/희곡,https://image.aladin.co.kr/product/1080/1/cover/8900000567_1.jpg,2059,
9788900000574,어린 왕자 2,생텍쥐페리 지음,열린책들,2015,841,국내도서-소설/시/희곡,소설/시/희곡,https://image.aladin.co.kr/product/1081/1/cover/8900000574_1.jpg,2005,
9788900000581,언어의 온도 2,이기주 지음,말글터,2016,814.7,국내도서-에세이,에세이,https://image.aladin.co.kr/product/1082/1/cover/8900000581_1.jpg,1969,
9788900000588,죽고 싶지만 떡볶이는 먹고 싶어 2,백세희 지음,흔,2018,814.7,국내도서-에세이,에세이,https://image.aladin.co.kr/product/1083/1/cover/8900000588_1.jpg,1945,
9788900000595,지구 끝의 온실 2,김초엽 지음,자이언트북스,2021,814.7,국내도서-에세이,에세이,https://image.aladin.co.kr/product/1084/1/cover/8900000595_1.jpg,1905,
9788900000602,무진기행 2,김승옥 지음,민음사,2007,814.6,국내도서-에세이,에세이,https://image.aladin.co.kr/product/1085/1/cover/8900000602_1.jpg,1860,
9788900000609,서랍에 저녁을 넣어 두었다 2,한강 지음,문학과지성사,2013,811.7,국내도서-소설/시/희곡,소설/시/희곡,https://image.aladin.co.kr/product/1086/1/cover/8900000609_1.jpg,1828,
9788900000616,입 속의 검은 잎 2,기형도 지음,문학과지성사,1989,811.7,국내도서-소설/시/희곡,소설/시/희곡,https://image.aladin.co.kr/product/1087/1/cover/8900000616_1.jpg,1785,
9788900000623,미움받을 용기 2,"기시미 이치로, 고가 후미타케 지음",인플루엔셜,2014,199.1,국내도서-자기계발,자기계발,https://image.aladin.co.kr/product/1088/1/cover/8900000623_1.jpg,1759,
9788900000630,아주 작은 습관의 힘 2,제임스 클리어 지음,비즈니스북스,2019,199.1,국내도서-자기계발,자기계발,https://image.aladin.co.kr/product/1089/1/cover/8900000630_1.jpg,1720,
9788900000637,데일 카네기 인간관계론 2,데일 카네기 지음,현대지성,2019,199.1,국내도서-자기계발,자기계발,https://image.aladin.co.kr/product/1090/1/cover/8900000637_1.jpg,1671,
9788900000644,원씽 2,"게리 켈러, 제이 파파산 지음",비즈니스북스,2013,325.211,국내도서-경제 경영,경제 경영,https://image.aladin.co.kr/product/1091/1/cover/8900000644_1.jpg,1635,
9788900000651,부의 추월차선 2,엠제이 드마코 지음,토트,2013,325.1,국내도서-경제 경영,경제 경영,https://image.aladin.co.kr/product/1092/1/cover/8900000651_1.jpg,1613,
9788900000658,돈의 속성 2,김승호 지음,스노우폭스북스,2020,327.04,국내도서-경제 경영,경제 경영,https://image.aladin.co.kr/product/1093/1/cover/8900000658_1.jpg,1577,
9788900000665,경제학 콘서트 2,팀 하포드 지음,웅진지식하우스,2006,320.1,국내도서-경제 경영,경제 경영,https://image.aladin.co.kr/product/1094/1/cover/8900000665_1.jpg,1532,
9788900000672,죽은 경제학자의 살아있는 아이디어 2,토드 부크홀츠 지음,김영사,2009,321.1,국내도서-경제 경영,경제 경영,https://image.aladin.co.kr/product/1095/1/cover/8900000672_1.jpg,1495,
9788900000679,철학은 어떻게 삶의 무기가 되는가 2,야마구치 슈 지음,다산초당,2019,100,국내도서-인문,인문,https://image.aladin.co.kr/product/1096/1/cover/8900000679_1.jpg,1459,
9788900000686,소크라테스 익스프레스 2,에릭 와이너 지음,어크로스,2021,160,국내도서-인문,인문,https://image.aladin.co.kr/product/1097/1/cover/8900000686_1.jpg,1430,
9788900000693,정의란 무엇인가 2,마이클 샌델 지음,와이즈베리,2014,189,국내도서-인문,인문,https://image.aladin.co.kr/product/1098/1/cover/8900000693_1.jpg,1389,
9788900000700,사피엔스 2,유발 하라리 지음,김영사,2015,181.7,국내도서-인문,인문,https://image.aladin.co.kr/product/1099/1/cover/8900000700_1.jpg,1355,
